
Drop database ecommerce1;
create database ecommerce1;
use ecommerce1;
CREATE TABLE Customers (
    CustomerID INT PRIMARY KEY,
    CustomerName VARCHAR(100),
    Email VARCHAR(100),
    City VARCHAR(100),
    State VARCHAR(100),
    SignupDate DATE
);

insert into customers (CustomerID,CustomerName,Email,City,State,SignupDate)
values (1,"Customer1","customer1@example.com","Mumbai","MH","2023-11-24"),
(2,"Customer2","customer2@example.com","Delhi","MH","2023-02-27"),
(3,"Customer3","customer3@example.com","Hyderabad","MH","2023-01-13"),
(4,"Customer4","customer4@example.com","Delhi","DL","2024-01-15"),
(5,"Customer5","customer5@example.com","Delhi","TS","2023-05-21"),
(6,"Customer6","customer6@example.com","Bangalore","TN","2023-05-06"),
(7,"Customer7","customer7@example.com","Hyderabad","MH","2023-04-25"),
(8,"Customer8","customer8@example.com","Hyderabad","KA","2023-03-13"),
(9,"Customer9","customer9@example.com","Hyderabad","MH","2024-01-13"),
(10,"Customer10","customer10@example.com","Delhi","KA","2023-02-22"),
(11,"Customer11","customer11@example.com","Mumbai","KA","2023-12-13"),
(12,"Customer12","customer12@example.com","Hyderabad","MH","2024-01-15"),
(13,"Customer13","customer13@example.com","Delhi","DL","2023-10-07"),
(14,"Customer14","customer14@example.com","Bangalore","KA","2023-02-14"),
(15,"Customer15","customer15@example.com","Mumbai","KA","2023-10-30"),
(16,"Customer16","customer16@example.com","Bangalore","MH","2023-08-05"),
(17,"Customer17","customer17@example.com","Mumbai","KA","2023-01-17"),
(18,"Customer18","customer18@example.com","Delhi","KA","2023-01-16"),
(19,"Customer19","customer19@example.com","Chennai","MH","2023-02-17"),
(20,"Customer20","customer20@example.com","Mumbai","MH","2023-04-22"),
(21,"Customer21","customer21@example.com","Bangalore","TN","2023-04-30"),
(22,"Customer22","customer22@example.com","Delhi","DL","2023-09-16"),
(23,"Customer23","customer23@example.com","Mumbai","DL","2023-11-05"),
(24,"Customer24","customer24@example.com","Chennai","KA","2023-01-14"),
(25,"Customer25","customer25@example.com","Chennai","DL","2023-10-15"),
(26,"Customer26","customer26@example.com","Hyderabad","KA","2023-04-12"),
(27,"Customer27","customer27@example.com","Hyderabad","TN","2024-01-02"),
(28,"Customer28","customer28@example.com","Bangalore","MH","2023-11-29"),
(29,"Customer29","customer29@example.com","Mumbai","MH","2023-12-26"),
(30,"Customer30","customer30@example.com","Mumbai","MH","2023-10-07"),
(31,"Customer31","customer31@example.com","Hyderabad","DL","2023-08-03"),
(32,"Customer32","customer32@example.com","Mumbai","TN","2023-04-23"),
(33,"Customer33","customer33@example.com","Mumbai","DL","2023-08-18"),
(34,"Customer34","customer34@example.com","Chennai","DL","2023-10-29"),
(35,"Customer35","customer35@example.com","Hyderabad","TN","2023-05-23"),
(36,"Customer36","customer36@example.com","Delhi","TN","2023-01-04"),
(37,"Customer37","customer37@example.com","Hyderabad","TN","2024-01-24"),
(38,"Customer38","customer38@example.com","Delhi","TN","2023-03-23"),
(39,"Customer39","customer39@example.com","Chennai","MH","2023-12-24"),
(40,"Customer40","customer40@example.com","Bangalore","TS","2023-08-05"),
(41,"Customer41","customer41@example.com","Mumbai","TS","2023-06-24"),
(42,"Customer42","customer42@example.com","Chennai","TN","2023-05-23"),
(43,"Customer43","customer43@example.com","Mumbai","TS","2023-03-21"),
(44,"Customer44","customer44@example.com","Bangalore","TS","2023-04-21"),
(45,"Customer45","customer45@example.com","Bangalore","TN","2024-01-26"),
(46,"Customer46","customer46@example.com","Chennai","TS","2023-06-22"),
(47,"Customer47","customer47@example.com","Bangalore","DL","2023-02-22"),
(48,"Customer48","customer48@example.com","Delhi","KA","2023-02-17"),
(49,"Customer49","customer49@example.com","Bangalore","KA","2023-07-14"),
(50,"Customer50","customer50@example.com","Mumbai","TN","2023-02-19");


CREATE TABLE Products (
    ProductID INT PRIMARY KEY,
    ProductName VARCHAR(100),
    Category VARCHAR(50),
    Price DECIMAL(10, 2),
    InStock INT
);

insert into Products (
    ProductID,
    ProductName,
    Category,
    Price,
    InStock)
    values (1,"Product 1","Books",274.52,189),
(2,"Product 2","Electronics",109.5,122),
(3,"Product 3","Books",472,71),
(4,"Product 4","Clothing",303.44,195),
(5,"Product 5","Electronics",350.44,61),
(6,"Product 6","Toys",441.43,21),
(7,"Product 7","Home",315.93,48),
(8,"Product 8","Books",154.86,139),
(9,"Product 9","Home",61.69,140),
(10,"Product 10","Home",233.7,122),
(11,"Product 11","Electronics",117.04,110),
(12,"Product 12","Home",214.09,122),
(13,"Product 13","Toys",442.81,193),
(14,"Product 14","Home",168.93,90),
(15,"Product 15","Electronics",69.82,196),
(16,"Product 16","Toys",184.59,122),
(17,"Product 17","Clothing",454.35,11),
(18,"Product 18","Home",143.34,139),
(19,"Product 19","Electronics",327.37,63),
(20,"Product 20","Clothing",10.25,96),
(21,"Product 21","Clothing",182.76,138),
(22,"Product 22","Books",159.34,156),
(23,"Product 23","Toys",90.68,135),
(24,"Product 24","Home",271.7,139),
(25,"Product 25","Electronics",247.57,62),
(26,"Product 26","Books",349.29,181),
(27,"Product 27","Toys",142.01,169),
(28,"Product 28","Books",129.62,169),
(29,"Product 29","Toys",92.46,77),
(30,"Product 30","Toys",117.19,192);


CREATE TABLE Orders (
    OrderID INT PRIMARY KEY,
    CustomerID INT,
    OrderDate DATE,
    TotalAmount DECIMAL(10,2),
    OrderStatus VARCHAR(50),
    FOREIGN KEY (CustomerID) REFERENCES Customers(CustomerID)
);


insert into Orders (OrderID,CustomerID,OrderDate,TotalAmount,OrderStatus)
values (1,11,"2023-07-03",518.64,"Pending"),
(2,17,"2023-06-26",643.61,"Completed"),
(3,38,"2023-11-06",265.45,"Completed"),
(4,24,"2023-05-16",598.07,"Completed"),
(5,5,"2023-01-23",979.32,"Completed"),
(6,34,"2024-01-09",497.01,"Cancelled"),
(7,6,"2023-08-24",907.98,"Completed"),
(8,22,"2023-10-02",445.71,"Completed"),
(9,11,"2023-03-05",363.08,"Completed"),
(10,48,"2023-07-13",652.2,"Completed"),
(11,16,"2023-02-10",675.55,"Completed"),
(12,33,"2023-10-10",866.88,"Completed"),
(13,9,"2023-05-31",245.58,"Completed"),
(14,6,"2023-11-18",509.21,"Completed"),
(15,16,"2023-11-13",580.56,"Pending"),
(16,29,"2023-07-05",773.18,"Completed"),
(17,3,"2023-10-23",62.73,"Completed"),
(18,20,"2023-04-09",994.66,"Cancelled"),
(19,36,"2023-12-27",480.55,"Returned"),
(20,19,"2023-02-05",293.97,"Completed"),
(21,26,"2023-01-24",885.82,"Completed"),
(22,3,"2023-12-05",752.76,"Completed"),
(23,19,"2023-04-27",954.01,"Completed"),
(24,20,"2024-01-31",344.14,"Pending"),
(25,32,"2023-05-29",561.71,"Returned"),
(26,7,"2023-02-10",580.85,"Completed"),
(27,41,"2023-04-30",980.72,"Completed"),
(28,33,"2023-02-21",93.84,"Pending"),
(29,40,"2023-07-14",319.58,"Completed"),
(30,39,"2023-05-23",207.09,"Completed"),
(31,18,"2023-08-21",283.11,"Completed"),
(32,40,"2023-11-22",495.57,"Completed"),
(33,1,"2023-07-06",385.23,"Pending"),
(34,11,"2023-03-25",406.8,"Pending"),
(35,28,"2023-07-09",847.33,"Returned"),
(36,25,"2023-07-01",931.42,"Completed"),
(37,50,"2023-04-18",89.01,"Returned"),
(38,23,"2023-12-10",224.74,"Completed"),
(39,31,"2023-05-17",677.72,"Completed"),
(40,30,"2023-12-26",371.47,"Completed"),
(41,42,"2023-12-16",269.08,"Returned"),
(42,35,"2023-11-28",309.38,"Returned"),
(43,7,"2023-02-06",336.1,"Completed"),
(44,16,"2023-11-08",851.7,"Returned"),
(45,26,"2023-11-22",153.89,"Completed"),
(46,48,"2023-03-29",714.73,"Completed"),
(47,49,"2023-10-01",561.76,"Completed"),
(48,2,"2024-01-09",310.58,"Completed"),
(49,1,"2023-05-06",431.39,"Completed"),
(50,48,"2023-03-25",271.08,"Completed"),
(51,12,"2023-08-25",619.28,"Completed"),
(52,5,"2023-07-14",99.96,"Completed"),
(53,37,"2023-05-19",25.08,"Completed"),
(54,32,"2023-11-24",635.34,"Completed"),
(55,9,"2023-12-19",210.39,"Completed"),
(56,41,"2023-10-13",89.52,"Completed"),
(57,35,"2023-04-23",408.85,"Completed"),
(58,19,"2023-12-17",69.75,"Completed"),
(59,48,"2023-06-16",888.88,"Completed"),
(60,16,"2024-01-29",47.06,"Completed"),
(61,3,"2024-02-02",587.29,"Pending"),
(62,20,"2023-01-29",449.7,"Completed"),
(63,24,"2023-04-28",678.59,"Completed"),
(64,33,"2023-01-17",341.59,"Pending"),
(65,24,"2023-06-11",171.94,"Completed"),
(66,11,"2023-07-25",982.2,"Completed"),
(67,49,"2023-05-18",842.15,"Completed"),
(68,8,"2023-02-03",863.2,"Completed"),
(69,36,"2023-04-19",265.25,"Cancelled"),
(70,38,"2023-10-18",58.06,"Completed"),
(71,40,"2024-01-03",317.2,"Completed"),
(72,20,"2023-06-11",546.34,"Completed"),
(73,35,"2023-04-19",340.12,"Returned"),
(74,48,"2023-12-02",831.31,"Completed"),
(75,25,"2023-09-13",286.11,"Completed"),
(76,35,"2023-07-22",965.95,"Completed"),
(77,25,"2023-11-26",468.12,"Cancelled"),
(78,29,"2023-08-23",845.18,"Completed"),
(79,18,"2023-03-15",210.49,"Completed"),
(80,46,"2023-05-16",423.13,"Completed"),
(81,18,"2023-03-13",705.52,"Completed"),
(82,2,"2023-05-07",155.59,"Completed"),
(83,35,"2024-01-17",150.09,"Completed"),
(84,16,"2023-10-15",970.15,"Completed"),
(85,41,"2023-10-03",720.3,"Completed"),
(86,36,"2023-05-15",60.25,"Pending"),
(87,33,"2024-01-18",410.84,"Returned"),
(88,4,"2023-10-27",444.85,"Completed"),
(89,33,"2023-08-08",749.16,"Pending"),
(90,14,"2023-10-26",265.84,"Completed"),
(91,21,"2023-07-24",200.65,"Completed"),
(92,48,"2023-07-05",99.26,"Completed"),
(93,20,"2023-04-23",439.75,"Completed"),
(94,8,"2023-03-12",694.73,"Completed"),
(95,7,"2023-09-18",77.03,"Completed"),
(96,3,"2023-09-10",916.91,"Completed"),
(97,17,"2023-02-16",453.51,"Completed"),
(98,33,"2024-01-22",254.99,"Pending"),
(99,48,"2023-01-25",112,"Cancelled"),
(100,12,"2023-02-26",199.21,"Completed");


CREATE TABLE OrderDetails (
    OrderDetailID INT PRIMARY KEY,
    OrderID INT,
    ProductID INT,
    Quantity INT,
    Price DECIMAL(10, 2),
    FOREIGN KEY (OrderID) REFERENCES Orders(OrderID),
    FOREIGN KEY (ProductID) REFERENCES Products(ProductID)
);

insert into OrderDetails (OrderDetailID,OrderID,ProductID,Quantity,Price)
values (1,53,27,4,10.25),
(2,42,18,3,69.82),
(3,58,12,2,69.82),
(4,39,1,1,92.46),
(5,14,22,1,274.52),
(6,95,12,2,10.25),
(7,5,5,4,117.19),
(8,35,30,2,315.93),
(9,87,30,4,142.01),
(10,93,27,2,303.44),
(11,75,25,3,92.46),
(12,18,17,4,441.43),
(13,76,16,3,247.57),
(14,9,15,1,274.52),
(15,74,23,2,92.46),
(16,58,15,1,350.44),
(17,17,5,1,142.01),
(18,7,21,1,90.68),
(19,46,14,1,274.52),
(20,13,2,2,117.19),
(21,40,11,1,303.44),
(22,42,19,2,159.34),
(23,9,7,2,109.5),
(24,50,6,3,233.7),
(25,27,28,4,350.44),
(26,66,2,4,142.01),
(27,5,6,2,233.7),
(28,29,18,3,274.52),
(29,37,2,2,159.34),
(30,38,18,2,441.43),
(31,83,30,2,442.81),
(32,8,15,3,69.82),
(33,65,27,4,303.44),
(34,86,19,3,442.81),
(35,17,2,1,271.7),
(36,71,20,3,10.25),
(37,89,25,3,271.7),
(38,45,6,3,69.82),
(39,4,1,3,92.46),
(40,36,24,4,154.86),
(41,70,15,1,350.44),
(42,31,28,4,92.46),
(43,19,30,4,69.82),
(44,61,23,3,303.44),
(45,54,10,2,214.09),
(46,39,19,2,442.81),
(47,91,17,4,109.5),
(48,74,5,4,142.01),
(49,90,29,3,327.37),
(50,19,4,4,327.37),
(51,39,10,3,303.44),
(52,67,24,2,303.44),
(53,45,17,2,349.29),
(54,13,10,1,117.04),
(55,92,17,2,142.01),
(56,58,28,4,350.44),
(57,20,20,2,10.25),
(58,92,24,3,117.04),
(59,72,5,2,117.19),
(60,61,2,1,233.7),
(61,39,6,2,154.86),
(62,1,21,3,441.43),
(63,3,2,3,441.43),
(64,77,13,4,154.86),
(65,92,30,2,90.68),
(66,62,11,3,69.82),
(67,63,11,1,349.29),
(68,25,16,4,168.93),
(69,56,11,1,117.04),
(70,33,19,2,214.09),
(71,38,15,2,349.29),
(72,6,25,2,442.81),
(73,58,23,4,154.86),
(74,44,23,3,117.19),
(75,45,16,4,143.34),
(76,32,11,1,247.57),
(77,45,22,4,274.52),
(78,61,16,1,69.82),
(79,47,8,4,154.86),
(80,21,4,3,129.62),
(81,80,8,1,117.04),
(82,85,4,2,214.09),
(83,75,24,2,214.09),
(84,36,25,4,303.44),
(85,99,3,2,184.59),
(86,19,3,1,303.44),
(87,20,27,2,350.44),
(88,57,29,3,271.7),
(89,18,18,3,350.44),
(90,47,29,4,154.86),
(91,49,26,1,233.7),
(92,14,19,3,454.35),
(93,15,19,3,129.62),
(94,31,21,1,349.29),
(95,1,5,2,61.69),
(96,54,18,2,159.34),
(97,3,28,4,327.37),
(98,16,10,2,92.46),
(99,87,29,1,168.93),
(100,57,22,3,154.86),
(101,75,21,2,61.69),
(102,12,6,4,159.34),
(103,74,1,2,117.04),
(104,96,5,1,90.68),
(105,16,9,4,274.52),
(106,72,12,2,168.93),
(107,76,26,4,350.44),
(108,24,14,1,182.76),
(109,28,2,3,349.29),
(110,8,17,1,168.93),
(111,92,14,1,303.44),
(112,36,26,1,159.34),
(113,90,13,1,90.68),
(114,8,27,3,247.57),
(115,58,9,3,274.52),
(116,60,26,4,159.34),
(117,50,25,2,90.68),
(118,28,15,3,327.37),
(119,92,25,3,154.86),
(120,41,22,2,69.82),
(121,100,15,3,182.76),
(122,64,24,1,69.82),
(123,27,30,1,61.69),
(124,63,11,2,182.76),
(125,17,16,4,61.69),
(126,73,29,4,233.7),
(127,33,17,2,10.25),
(128,84,26,2,247.57),
(129,77,4,1,182.76),
(130,92,1,4,349.29),
(131,29,8,3,61.69),
(132,13,17,1,472),
(133,46,3,2,10.25),
(134,35,29,4,247.57),
(135,6,20,3,349.29),
(136,82,15,3,117.04),
(137,69,15,1,441.43),
(138,47,24,4,109.5),
(139,25,22,4,315.93),
(140,66,14,2,143.34),
(141,10,26,4,142.01),
(142,56,28,4,109.5),
(143,30,23,1,142.01),
(144,5,14,4,454.35),
(145,33,24,3,117.04),
(146,65,2,1,142.01),
(147,18,13,1,214.09),
(148,96,26,2,142.01),
(149,49,14,4,327.37),
(150,11,27,2,159.34),
(151,85,24,3,271.7),
(152,26,19,1,247.57),
(153,63,7,1,315.93),
(154,89,3,1,10.25),
(155,86,15,3,441.43),
(156,59,23,3,182.76),
(157,27,14,2,271.7),
(158,49,11,2,274.52),
(159,77,15,2,454.35),
(160,33,28,4,92.46),
(161,98,13,1,117.04),
(162,99,18,1,159.34),
(163,1,26,2,349.29),
(164,21,6,1,129.62),
(165,55,3,2,143.34),
(166,6,19,4,182.76),
(167,92,15,4,454.35),
(168,81,25,3,315.93),
(169,69,23,4,454.35),
(170,95,5,2,10.25),
(171,5,28,4,61.69),
(172,3,10,3,454.35),
(173,53,7,1,10.25),
(174,23,25,2,159.34),
(175,53,17,1,159.34),
(176,37,7,3,129.62),
(177,74,22,3,92.46),
(178,74,26,3,154.86),
(179,83,30,1,454.35),
(180,17,12,1,315.93),
(181,85,25,1,274.52),
(182,78,17,1,442.81),
(183,73,13,3,117.19),
(184,1,20,3,90.68),
(185,51,25,2,327.37),
(186,45,4,2,142.01),
(187,77,10,1,271.7),
(188,4,3,4,327.37),
(189,62,9,4,117.19),
(190,65,13,3,117.19),
(191,32,18,3,92.46),
(192,34,15,3,454.35),
(193,92,4,2,442.81),
(194,95,15,2,92.46),
(195,72,22,3,117.19),
(196,39,2,3,184.59),
(197,26,15,3,154.86),
(198,34,8,4,327.37),
(199,54,8,2,143.34),
(200,3,17,4,274.52);


CREATE TABLE Payments (
    PaymentID INT PRIMARY KEY,
    OrderID INT,
    PaymentDate DATE,
    PaymentMethod VARCHAR(50),
    Amount DECIMAL(10,2),
    FOREIGN KEY (OrderID) REFERENCES Orders(OrderID)
);

Insert into Payments (PaymentID,OrderID,PaymentDate,PaymentMethod,Amount)
values (1,1,"2023-03-20","Debit Card",518.64),
(2,2,"2023-11-18","Net Banking",643.61),
(3,3,"2023-03-23","Net Banking",265.45),
(4,4,"2023-12-15","Debit Card",598.07),
(5,5,"2023-08-05","Debit Card",979.32),
(6,6,"2023-11-02","Debit Card",497.01),
(7,7,"2023-02-02","UPI",907.98),
(8,8,"2023-07-17","Credit Card",445.71),
(9,9,"2023-07-15","Debit Card",363.08),
(10,10,"2023-11-02","Debit Card",652.2),
(11,11,"2023-08-28","Debit Card",675.55),
(12,12,"2023-09-28","Net Banking",866.88),
(13,13,"2023-05-09","Net Banking",245.58),
(14,14,"2023-10-11","UPI",509.21),
(15,15,"2023-01-06","Credit Card",580.56),
(16,16,"2023-12-15","UPI",773.18),
(17,17,"2024-01-05","Credit Card",62.73),
(18,18,"2023-02-28","Net Banking",994.66),
(19,19,"2023-12-16","Net Banking",480.55),
(20,20,"2023-10-02","Net Banking",293.97),
(21,21,"2024-01-20","UPI",885.82),
(22,22,"2023-05-17","Debit Card",752.76),
(23,23,"2024-01-29","Debit Card",954.01),
(24,24,"2023-11-25","Net Banking",344.14),
(25,25,"2023-06-24","Debit Card",561.71),
(26,26,"2023-02-27","Debit Card",580.85),
(27,27,"2023-05-31","UPI",980.72),
(28,28,"2023-08-11","Credit Card",93.84),
(29,29,"2023-03-22","Net Banking",319.58),
(30,30,"2023-08-21","Net Banking",207.09),
(31,31,"2023-01-02","UPI",283.11),
(32,32,"2024-01-05","UPI",495.57),
(33,33,"2024-01-04","Debit Card",385.23),
(34,34,"2023-05-15","Net Banking",406.8),
(35,35,"2023-09-14","Credit Card",847.33),
(36,36,"2024-01-26","UPI",931.42),
(37,37,"2023-04-02","Credit Card",89.01),
(38,38,"2023-09-17","Credit Card",224.74),
(39,39,"2023-02-24","Net Banking",677.72),
(40,40,"2023-11-17","Net Banking",371.47),
(41,41,"2023-06-02","UPI",269.08),
(42,42,"2023-11-24","Net Banking",309.38),
(43,43,"2023-09-17","Net Banking",336.1),
(44,44,"2023-11-08","Net Banking",851.7),
(45,45,"2023-04-12","Credit Card",153.89),
(46,46,"2023-03-20","UPI",714.73),
(47,47,"2023-07-11","Debit Card",561.76),
(48,48,"2024-01-26","Credit Card",310.58),
(49,49,"2023-03-24","Net Banking",431.39),
(50,50,"2023-10-04","Credit Card",271.08),
(51,51,"2024-02-03","Net Banking",619.28),
(52,52,"2023-09-29","Net Banking",99.96),
(53,53,"2023-01-01","Credit Card",25.08),
(54,54,"2023-11-03","UPI",635.34),
(55,55,"2023-06-15","Net Banking",210.39),
(56,56,"2023-09-08","UPI",89.52),
(57,57,"2023-01-10","Debit Card",408.85),
(58,58,"2023-02-27","Net Banking",69.75),
(59,59,"2023-07-05","UPI",888.88),
(60,60,"2023-06-07","UPI",47.06),
(61,61,"2023-05-03","Debit Card",587.29),
(62,62,"2023-01-30","UPI",449.7),
(63,63,"2023-05-04","UPI",678.59),
(64,64,"2023-10-18","Debit Card",341.59),
(65,65,"2023-02-10","Net Banking",171.94),
(66,66,"2023-02-13","UPI",982.2),
(67,67,"2024-01-10","UPI",842.15),
(68,68,"2023-09-06","UPI",863.2),
(69,69,"2023-02-05","Credit Card",265.25),
(70,70,"2024-01-25","Debit Card",58.06),
(71,71,"2023-09-30","Credit Card",317.2),
(72,72,"2024-01-28","Debit Card",546.34),
(73,73,"2023-03-06","Net Banking",340.12),
(74,74,"2023-03-07","Net Banking",831.31),
(75,75,"2023-12-04","UPI",286.11),
(76,76,"2023-09-01","Debit Card",965.95),
(77,77,"2023-10-09","Net Banking",468.12),
(78,78,"2023-03-26","Debit Card",845.18),
(79,79,"2023-05-16","Net Banking",210.49),
(80,80,"2023-09-28","Credit Card",423.13),
(81,81,"2023-11-07","Net Banking",705.52),
(82,82,"2023-08-05","Credit Card",155.59),
(83,83,"2023-04-19","Net Banking",150.09),
(84,84,"2023-10-04","UPI",970.15),
(85,85,"2024-01-22","Credit Card",720.3),
(86,86,"2024-01-09","Net Banking",60.25),
(87,87,"2023-12-20","UPI",410.84),
(88,88,"2023-04-13","Credit Card",444.85),
(89,89,"2024-01-01","UPI",749.16),
(90,90,"2023-06-09","Debit Card",265.84),
(91,91,"2023-07-24","Debit Card",200.65),
(92,92,"2023-12-10","Credit Card",99.26),
(93,93,"2023-11-29","Net Banking",439.75),
(94,94,"2023-07-11","Credit Card",694.73),
(95,95,"2023-08-13","UPI",77.03),
(96,96,"2023-09-22","Net Banking",916.91),
(97,97,"2023-08-20","Debit Card",453.51),
(98,98,"2023-03-03","Net Banking",254.99),
(99,99,"2023-05-07","Debit Card",112),
(100,100,"2023-04-26","Net Banking",199.21);
